factor,train_ic,valid_ic,test_ic
gap,-0.007234132733444988,0.005813463644788946,-0.0174057479446701
gap_neg,0.007234132733444988,-0.005813463644788946,0.0174057479446701
gap_abs_signed,-0.007234132733444988,0.005813463644788946,-0.0174057479446701
gap_vol20,0.0004333015637462006,-0.0018535681186283637,-0.015074745613667772
gap_range20,-0.0016024493677861628,-0.0008706153284466452,-0.013986013986013993
gap_mom5,-0.007398013950434972,-0.011317999269806494,0.0022053794508884368
gap_mom20,-0.014823750647393729,0.03240935771056254,0.001298103094510277
gap_volume,-0.0058372854515157694,0.005757294913921404,-0.014223301648451349
gap_intraday,0.005071590638071068,-0.031735332940152225,-0.00505283140013679
gap_closepos,0.008695755519842438,-0.027017159547280033,0.0034895244476082837
gap_mean3,-0.016537265045560297,0.0011514589827842864,-0.016945130717585813
gap_mean5,-0.015009104559027793,0.0011795433482180507,-0.02356126907025111
gap_mean10,-0.0038322253404361856,0.01867610301345242,-0.01663805256619628
gap_surprise,-0.009322982670829004,0.011458421096975311,-0.019736750275672427
gap_trend,-0.009390713817491571,-0.008706153284466538,-0.001996007984031937
gap_breakout,-0.0042835497979008125,0.0020501586766646985,0.005262202866993288
