signal_date,trade_date,symbols,gross,net,stress_net,turnover
2024-01-02,2024-01-03,"XLE,XLU,XLF",0.004928603585735695,0.0037286035857356957,0.0007286035857356956,2.0
2024-01-03,2024-01-04,"XLV,XLP,XLE",-0.007792547308615967,-0.008992547308615968,-0.011992547308615967,2.0
2024-01-04,2024-01-05,"XLE,XLF,XLV",-0.0009889829360171614,-0.0021889829360171613,-0.005188982936017161,2.0
2024-01-05,2024-01-08,"XLE,XLK,SPY",0.01287947846514633,0.01167947846514633,0.008679478465146329,2.0
2024-01-08,2024-01-09,"XLK,QQQ,XLY",0.007504355978524613,0.006304355978524613,0.003304355978524613,2.0
2024-01-09,2024-01-10,"XLE,XLV,XLP",-0.003001590379492288,-0.004201590379492288,-0.007201590379492287,2.0
2024-01-10,2024-01-11,"DIA,XLE,XLY",-0.001521237579576118,-0.0027212375795761176,-0.005721237579576118,2.0
2024-01-11,2024-01-12,"XLK,XLE,DIA",-0.002213098577689032,-0.003413098577689032,-0.006413098577689032,2.0
2024-01-12,2024-01-16,"XLE,IWM,XLF",-0.008225851458688186,-0.009425851458688185,-0.012425851458688186,2.0
2024-01-16,2024-01-17,"XLP,XLK,XLE",0.0020578929819183114,0.0008578929819183115,-0.0021421070180816884,2.0
2024-01-17,2024-01-18,"XLV,XLP,XLU",0.0013620486506883411,0.00016204865068834124,-0.0028379513493116586,2.0
2024-01-18,2024-01-19,"XLK,QQQ,SPY",0.013587351127003192,0.012387351127003192,0.009387351127003191,2.0
2024-01-19,2024-01-22,"DIA,QQQ,XLK",-0.0011546782230358321,-0.002354678223035832,-0.005354678223035832,2.0
2024-01-22,2024-01-23,"IWM,XLF,QQQ",-0.0022550416666762643,-0.0034550416666762644,-0.0064550416666762644,2.0
2024-01-23,2024-01-24,"XLP,IWM,SPY",-0.012228673811512972,-0.013428673811512972,-0.016428673811512973,2.0
2024-01-24,2024-01-25,"IWM,SPY,QQQ",-0.003167490361044171,-0.004367490361044171,-0.007367490361044171,2.0
2024-01-25,2024-01-26,"XLU,IWM,XLK",-0.0029448068112215564,-0.004144806811221556,-0.007144806811221556,2.0
2024-01-26,2024-01-29,"XLV,XLY,IWM",0.0117405611273295,0.0105405611273295,0.0075405611273295,2.0
2024-01-29,2024-01-30,"XLP,XLY,XLV",0.0018448781735060555,0.0006448781735060556,-0.0023551218264939444,2.0
2024-01-30,2024-01-31,"XLV,XLF,XLY",-0.010339724822406823,-0.011539724822406823,-0.014539724822406824,2.0
2024-01-31,2024-02-01,"XLV,XLU,DIA",0.01493684044513636,0.01373684044513636,0.01073684044513636,2.0
2024-02-01,2024-02-02,"XLI,IWM,SPY",0.008156315110900389,0.006956315110900389,0.003956315110900389,2.0
2024-02-02,2024-02-05,"XLE,XLY,QQQ",-0.0005685363890994832,-0.0017685363890994831,-0.004768536389099483,2.0
2024-02-05,2024-02-06,"XLV,XLK,XLP",-9.851748492828438e-05,-0.0012985174849282843,-0.004298517484928284,2.0
2024-02-06,2024-02-07,"XLV,XLE,QQQ",0.0010145340331649082,-0.0001854659668350917,-0.0031854659668350913,2.0
2024-02-07,2024-02-08,"XLF,QQQ,XLK",0.0012534454507810249,5.3445450781024976e-05,-0.0029465545492189747,2.0
2024-02-08,2024-02-09,"DIA,XLI,XLK",0.0027276982240739267,0.0015276982240739268,-0.001472301775926073,2.0
2024-02-09,2024-02-12,"XLK,IWM,QQQ",0.0014146590860908415,0.00021465908609084156,-0.0027853409139091583,2.0
2024-02-12,2024-02-13,"XLE,IWM,XLP",-0.009764319297669855,-0.010964319297669854,-0.013964319297669853,2.0
2024-02-13,2024-02-14,"XLE,XLP,XLU",-0.002495523441493656,-0.003695523441493656,-0.006695523441493656,2.0
2024-02-14,2024-02-15,"IWM,XLI,XLF",0.012486541105470872,0.011286541105470872,0.008286541105470873,2.0
2024-02-15,2024-02-16,"IWM,XLP,XLF",-0.0007768000446242521,-0.001976800044624252,-0.004976800044624252,2.0
2024-02-16,2024-02-20,"XLE,XLK,XLV",-0.006197948786160275,-0.007397948786160275,-0.010397948786160275,2.0
2024-02-20,2024-02-21,"XLP,XLV,XLE",0.00721943397296491,0.00601943397296491,0.00301943397296491,2.0
2024-02-21,2024-02-22,"XLU,XLE,XLY",0.006231086366000301,0.005031086366000301,0.002031086366000301,2.0
2024-02-22,2024-02-23,"XLK,QQQ,SPY",-0.006496587029609868,-0.007696587029609868,-0.010696587029609867,2.0
2024-02-23,2024-02-26,"XLK,XLV,DIA",-0.0032731444003883947,-0.004473144400388394,-0.0074731444003883945,2.0
2024-02-26,2024-02-27,"XLK,XLY,QQQ",-0.0010695183704888533,-0.002269518370488853,-0.005269518370488853,2.0
2024-02-27,2024-02-28,"IWM,XLU,XLY",0.003070951053993539,0.001870951053993539,-0.0011290489460064608,2.0
2024-02-28,2024-02-29,"XLE,XLU,XLP",-0.0018051636453606894,-0.0030051636453606893,-0.006005163645360689,2.0
2024-02-29,2024-03-01,"IWM,QQQ,DIA",0.0077915353410642485,0.006591535341064249,0.0035915353410642488,2.0
2024-03-01,2024-03-04,"XLE,XLV,IWM",-0.005052687987924427,-0.006252687987924427,-0.009252687987924427,2.0
2024-03-04,2024-03-05,"IWM,QQQ,XLI",-0.006626301632464064,-0.007826301632464065,-0.010826301632464064,2.0
2024-03-05,2024-03-06,"XLP,XLU,XLV",0.0036886487260749203,0.0024886487260749202,-0.0005113512739250794,2.0
2024-03-06,2024-03-07,"DIA,XLP,QQQ",0.0022805534369296407,0.0010805534369296408,-0.001919446563070359,2.0
2024-03-07,2024-03-08,"XLI,SPY,DIA",-0.004152546793542859,-0.005352546793542859,-0.008352546793542859,2.0
2024-03-08,2024-03-11,"IWM,XLI,XLU",0.00021710902533278453,-0.0009828909746672154,-0.003982890974667215,2.0
2024-03-11,2024-03-12,"XLP,XLE,XLU",-0.0020727355021190976,-0.0032727355021190977,-0.006272735502119098,2.0
2024-03-12,2024-03-13,"XLK,SPY,QQQ",-0.005140626755172277,-0.0063406267551722765,-0.009340626755172277,2.0
2024-03-13,2024-03-14,"XLE,XLU,XLV",-0.0012280719089639753,-0.0024280719089639752,-0.005428071908963975,2.0
2024-03-14,2024-03-15,"DIA,XLE,XLK",0.00036327946589568655,-0.0008367205341043133,-0.0038367205341043134,2.0
2024-03-15,2024-03-18,"XLE,XLU,IWM",-0.0017990211080793166,-0.0029990211080793165,-0.0059990211080793165,2.0
2024-03-18,2024-03-19,"XLY,SPY,QQQ",0.007666604301192888,0.006466604301192888,0.003466604301192888,2.0
2024-03-19,2024-03-20,"XLP,XLU,DIA",0.0056570762165376225,0.004457076216537623,0.0014570762165376228,2.0
2024-03-20,2024-03-21,"XLP,QQQ,XLY",-0.0026145061168052486,-0.0038145061168052483,-0.006814506116805248,2.0
2024-03-21,2024-03-22,"QQQ,XLI,XLY",-0.0007525362721979197,-0.0019525362721979195,-0.004952536272197919,2.0
2024-03-22,2024-03-25,"XLU,XLI,XLV",-0.002527579764062112,-0.003727579764062112,-0.006727579764062111,2.0
2024-03-25,2024-03-26,"XLE,XLV,IWM",-0.00536925655018224,-0.00656925655018224,-0.00956925655018224,2.0
2024-03-26,2024-03-27,"XLY,IWM,XLF",0.008152980123443307,0.006952980123443307,0.003952980123443307,2.0
2024-03-27,2024-03-28,"XLV,XLP,XLI",-0.0013647508055135333,-0.0025647508055135332,-0.005564750805513533,2.0
2024-03-28,2024-04-01,"XLE,XLP,XLV",-0.0037825628177696005,-0.004982562817769601,-0.0079825628177696,2.0
2024-04-01,2024-04-02,"XLE,SPY,QQQ",0.004376622715722996,0.003176622715722996,0.00017662271572299604,2.0
2024-04-02,2024-04-03,"XLE,XLP,XLU",-0.0037821359362560925,-0.004982135936256092,-0.007982135936256091,2.0
2024-04-03,2024-04-04,"XLE,XLV,XLF",-0.014081599294277547,-0.015281599294277547,-0.018281599294277546,2.0
2024-04-04,2024-04-05,"SPY,XLF,DIA",0.006592341906197359,0.0053923419061973595,0.0023923419061973594,2.0
2024-04-05,2024-04-08,"XLE,XLF,XLI",-0.001972532856630571,-0.0031725328566305708,-0.006172532856630571,2.0
2024-04-08,2024-04-09,"XLY,IWM,QQQ",-0.0003641686233668562,-0.001564168623366856,-0.004564168623366856,2.0
2024-04-09,2024-04-10,"QQQ,XLE,XLY",0.0032795242131058444,0.0020795242131058447,-0.0009204757868941553,2.0
2024-04-10,2024-04-11,"XLE,XLK,XLF",0.0016618552656928465,0.0004618552656928466,-0.0025381447343071533,2.0
2024-04-11,2024-04-12,"XLP,XLU,QQQ",-0.007307700112666793,-0.008507700112666793,-0.011507700112666792,2.0
2024-04-12,2024-04-15,"XLE,XLU,IWM",-0.016007050309175597,-0.017207050309175596,-0.020207050309175596,2.0
2024-04-15,2024-04-16,"XLI,XLF,DIA",-0.004707646328715898,-0.005907646328715897,-0.008907646328715896,2.0
2024-04-16,2024-04-17,"XLV,DIA,XLP",-0.004781450840181667,-0.0059814508401816666,-0.008981450840181666,2.0
2024-04-17,2024-04-18,"XLP,XLV,SPY",-0.0014214136415553469,-0.0026214136415553466,-0.005621413641555347,2.0
2024-04-18,2024-04-19,"XLP,XLI,DIA",0.0030467810800619555,0.0018467810800619556,-0.0011532189199380443,2.0
2024-04-19,2024-04-22,"XLF,XLV,DIA",0.003014730410023795,0.0018147304100237952,-0.0011852695899762047,2.0
2024-04-22,2024-04-23,"XLI,SPY,DIA",0.0059895917246204355,0.004789591724620436,0.0017895917246204358,2.0
2024-04-23,2024-04-24,"XLV,XLI,XLY",-0.004436060773687227,-0.005636060773687226,-0.008636060773687226,2.0
2024-04-24,2024-04-25,"XLY,QQQ,XLK",0.01304078919435366,0.01184078919435366,0.00884078919435366,2.0
2024-04-25,2024-04-26,"XLP,XLV,XLE",0.0017552183813758966,0.0005552183813758967,-0.0024447816186241034,2.0
2024-04-26,2024-04-29,"SPY,QQQ,XLK",-0.0005941694317871024,-0.0017941694317871021,-0.004794169431787102,2.0
2024-04-29,2024-04-30,"XLY,XLU,SPY",-0.009112698752729539,-0.010312698752729539,-0.01331269875272954,2.0
2024-04-30,2024-05-01,"XLV,XLP,XLI",0.0006222417470453564,-0.0005777582529546435,-0.0035777582529546432,2.0
2024-05-01,2024-05-02,"DIA,XLY,IWM",0.003915823230175919,0.002715823230175919,-0.0002841767698240809,2.0
2024-05-02,2024-05-03,"IWM,XLK,SPY",-0.002126191463645085,-0.003326191463645085,-0.006326191463645084,2.0
2024-05-03,2024-05-06,"XLK,DIA,QQQ",0.004999745596029559,0.0037997455960295592,0.0007997455960295592,2.0
2024-05-06,2024-05-07,"XLF,XLI,IWM",0.0009445607589012953,-0.0002554392410987046,-0.0032554392410987045,2.0
2024-05-07,2024-05-08,"XLP,XLU,XLV",0.0014517272817934357,0.0002517272817934358,-0.002748272718206564,2.0
2024-05-08,2024-05-09,"XLV,XLP,XLF",0.008340593902042523,0.007140593902042523,0.004140593902042523,2.0
2024-05-09,2024-05-10,"XLI,XLV,XLP",0.0009604851364239201,-0.0002395148635760798,-0.0032395148635760798,2.0
2024-05-10,2024-05-13,"XLU,XLI,XLF",-0.005566619211255008,-0.006766619211255008,-0.009766619211255007,2.0
2024-05-13,2024-05-14,"IWM,XLK,DIA",0.003511996196532493,0.0023119961965324927,-0.0006880038034675069,2.0
2024-05-14,2024-05-15,"IWM,XLF,XLU",0.00355785610938956,0.00235785610938956,-0.0006421438906104395,2.0
2024-05-15,2024-05-16,"XLU,IWM,XLV",-0.002559969103545723,-0.0037599691035457225,-0.0067599691035457226,2.0
2024-05-16,2024-05-17,"XLP,DIA,XLF",0.002169435546133358,0.0009694355461333582,-0.0020305644538666416,2.0
2024-05-17,2024-05-20,"XLF,DIA,XLK",-0.001660270865095829,-0.002860270865095829,-0.005860270865095829,2.0
2024-05-20,2024-05-21,"XLU,XLK,QQQ",0.007043980514866839,0.00584398051486684,0.0028439805148668396,2.0
2024-05-21,2024-05-22,"XLP,XLV,XLF",0.0012425084235629564,4.250842356295654e-05,-0.0029574915764370435,2.0
2024-05-22,2024-05-23,"XLK,QQQ,SPY",-0.015813996519666824,-0.017013996519666823,-0.020013996519666823,2.0
2024-05-23,2024-05-24,"QQQ,XLK,SPY",0.004914843793475991,0.0037148437934759913,0.0007148437934759912,2.0
2024-05-24,2024-05-28,"IWM,XLE,XLY",-0.0002608768252834552,-0.0014608768252834551,-0.004460876825283455,2.0
2024-05-28,2024-05-29,"IWM,XLK,XLE",-0.004200789727359007,-0.005400789727359007,-0.008400789727359007,2.0
2024-05-29,2024-05-30,"XLE,XLP,XLY",0.002600646455289013,0.001400646455289013,-0.0015993535447109868,2.0
2024-05-30,2024-05-31,"IWM,XLP,XLY",0.008491218457840658,0.007291218457840658,0.004291218457840658,2.0
2024-05-31,2024-06-03,"XLV,IWM,XLU",-0.005373346347252024,-0.006573346347252024,-0.009573346347252024,2.0
2024-06-03,2024-06-04,"QQQ,IWM,XLK",3.8525782973364286e-05,-0.0011614742170266356,-0.0041614742170266355,2.0
2024-06-04,2024-06-05,"XLP,XLK,QQQ",0.008470446827633982,0.007270446827633982,0.004270446827633982,2.0
2024-06-05,2024-06-06,"QQQ,XLK,SPY",-0.002106386940014341,-0.0033063869400143412,-0.006306386940014341,2.0
2024-06-06,2024-06-07,"XLF,QQQ,XLY",0.0019501581548396392,0.0007501581548396393,-0.002249841845160361,2.0
2024-06-07,2024-06-10,"XLK,XLF,XLP",0.0013757112465721717,0.0001757112465721718,-0.0028242887534278283,2.0
2024-06-10,2024-06-11,"XLE,XLP,XLU",0.0019202802857594126,0.0007202802857594127,-0.002279719714240587,2.0
2024-06-11,2024-06-12,"XLY,XLV,XLP",-0.005882061009548652,-0.0070820610095486515,-0.010082061009548652,2.0
2024-06-12,2024-06-13,"IWM,SPY,DIA",-0.0025589089037482506,-0.0037589089037482508,-0.006758908903748251,2.0
2024-06-13,2024-06-14,"QQQ,XLY,XLK",0.0014537801638739485,0.0002537801638739486,-0.0027462198361260515,2.0
2024-06-14,2024-06-17,"QQQ,XLE,XLK",0.009441118741800278,0.008241118741800278,0.005241118741800278,2.0
2024-06-17,2024-06-18,"XLK,QQQ,XLE",-0.0005265140768472657,-0.0017265140768472657,-0.004726514076847266,2.0
2024-06-18,2024-06-20,"XLE,XLV,DIA",0.01012323995543185,0.008923239955431851,0.005923239955431851,2.0
2024-06-20,2024-06-21,"XLK,QQQ,SPY",-0.0012877357079171443,-0.002487735707917144,-0.005487735707917144,2.0
2024-06-21,2024-06-24,"XLY,XLU,XLP",0.0050268771667515795,0.00382687716675158,0.0008268771667515797,2.0
2024-06-24,2024-06-25,"XLV,XLF,XLE",-0.0022130217001401866,-0.0034130217001401867,-0.006413021700140187,2.0
2024-06-25,2024-06-26,"XLK,QQQ,SPY",0.0025014733312073525,0.0013014733312073526,-0.0016985266687926472,2.0
2024-06-26,2024-06-27,"XLE,XLK,XLI",-0.0001489351511011113,-0.0013489351511011111,-0.004348935151101111,2.0
2024-06-27,2024-06-28,"XLE,XLY,IWM",-0.004946000817155054,-0.006146000817155053,-0.009146000817155053,2.0
2024-06-28,2024-07-01,"IWM,XLV,XLE",-0.008816712706201879,-0.010016712706201879,-0.013016712706201878,2.0
2024-07-01,2024-07-02,"XLU,XLP,XLI",0.005186200021634502,0.003986200021634502,0.000986200021634502,2.0
2024-07-02,2024-07-03,"XLE,XLY,XLU",0.003647779882576696,0.0024477798825766964,-0.0005522201174233037,2.0
2024-07-03,2024-07-05,"XLV,XLY,DIA",0.0033491514119206034,0.0021491514119206037,-0.0008508485880793963,2.0
2024-07-05,2024-07-08,"XLY,XLV,XLF",-0.0015181728546235969,-0.0027181728546235968,-0.005718172854623596,2.0
2024-07-08,2024-07-09,"IWM,DIA,XLI",-0.002715388033531404,-0.003915388033531404,-0.006915388033531403,2.0
2024-07-09,2024-07-10,"XLV,SPY,XLK",0.007852001655646553,0.006652001655646554,0.0036520016556465537,2.0
2024-07-10,2024-07-11,"SPY,XLK,IWM",-0.007323599114169725,-0.008523599114169726,-0.011523599114169725,2.0
2024-07-11,2024-07-12,"IWM,XLU,XLY",0.006415248649248362,0.005215248649248362,0.002215248649248362,2.0
2024-07-12,2024-07-15,"IWM,XLP,XLI",0.0033935907184142375,0.0021935907184142374,-0.0008064092815857622,2.0
2024-07-15,2024-07-16,"DIA,SPY,XLV",0.008701550539470304,0.007501550539470304,0.004501550539470304,2.0
2024-07-16,2024-07-17,"XLV,DIA,IWM",0.006414445329391579,0.005214445329391579,0.002214445329391579,2.0
2024-07-17,2024-07-18,"XLP,XLE,XLU",0.0006844369409323425,-0.0005155630590676574,-0.003515563059067657,2.0
2024-07-18,2024-07-19,"XLK,QQQ,SPY",-0.008254695350179938,-0.009454695350179938,-0.012454695350179939,2.0
2024-07-19,2024-07-22,"XLV,XLP,XLI",0.001477357498032091,0.00027735749803209104,-0.002722642501967909,2.0
2024-07-22,2024-07-23,"SPY,QQQ,XLK",-0.0009446072919640688,-0.0021446072919640686,-0.005144607291964068,2.0
2024-07-23,2024-07-24,"XLV,XLY,XLF",-0.00734634501131363,-0.008546345011313631,-0.01154634501131363,2.0
2024-07-24,2024-07-25,"XLU,XLE,XLV",0.0005666692880827625,-0.0006333307119172374,-0.003633330711917237,2.0
2024-07-25,2024-07-26,"XLP,XLU,XLF",0.006074196213972168,0.004874196213972168,0.001874196213972168,2.0
2024-07-26,2024-07-29,"XLI,IWM,SPY",-0.006820873928356545,-0.008020873928356546,-0.011020873928356545,2.0
2024-07-29,2024-07-30,"XLY,XLK,QQQ",-0.018128723387652108,-0.019328723387652107,-0.022328723387652107,2.0
2024-07-30,2024-07-31,"XLF,XLI,SPY",-0.0006378914170001767,-0.0018378914170001765,-0.004837891417000176,2.0
2024-07-31,2024-08-01,"XLK,QQQ,XLU",-0.014750997985024217,-0.015950997985024216,-0.018950997985024216,2.0
2024-08-01,2024-08-02,"XLV,XLF,DIA",-0.007957645539899675,-0.009157645539899674,-0.012157645539899675,2.0
2024-08-02,2024-08-05,"XLU,XLP,XLV",-0.020230123612149115,-0.021430123612149115,-0.024430123612149114,2.0
2024-08-05,2024-08-06,"XLU,XLP,XLI",0.004232829521906438,0.003032829521906438,3.282952190643805e-05,2.0
2024-08-06,2024-08-07,"XLP,XLK,XLI",-0.01892652125594559,-0.02012652125594559,-0.023126521255945588,2.0
2024-08-07,2024-08-08,"XLK,SPY,XLE",0.01679679449759175,0.01559679449759175,0.01259679449759175,2.0
2024-08-08,2024-08-09,"XLV,QQQ,SPY",0.005809303715568426,0.004609303715568426,0.001609303715568426,2.0
2024-08-09,2024-08-12,"XLU,XLV,IWM",-0.004806804162607296,-0.006006804162607296,-0.009006804162607296,2.0
2024-08-12,2024-08-13,"XLE,XLV,DIA",0.004295832340637203,0.003095832340637203,9.583234063720303e-05,2.0
2024-08-13,2024-08-14,"QQQ,XLK,SPY",-0.0002408311212209746,-0.0014408311212209745,-0.004440831121220974,2.0
2024-08-14,2024-08-15,"XLK,XLF,IWM",0.00636162900158251,0.00516162900158251,0.00216162900158251,2.0
2024-08-15,2024-08-16,"XLP,IWM,DIA",0.0045937800853631154,0.0033937800853631158,0.0003937800853631157,2.0
2024-08-16,2024-08-19,"XLU,XLV,XLF",0.005636037409519308,0.0044360374095193085,0.0014360374095193085,2.0
2024-08-19,2024-08-20,"XLP,DIA,XLY",0.0013429998834774508,0.0001429998834774509,-0.0028570001165225487,2.0
2024-08-20,2024-08-21,"XLV,XLY,XLU",0.0032042095479704416,0.0020042095479704414,-0.0009957904520295582,2.0
2024-08-21,2024-08-22,"XLP,XLE,IWM",-0.003853511277972621,-0.005053511277972621,-0.00805351127797262,2.0
2024-08-22,2024-08-23,"XLP,XLV,QQQ",0.0014540225090235264,0.00025402250902352647,-0.002745977490976473,2.0
2024-08-23,2024-08-26,"QQQ,SPY,XLK",-0.008160142064985831,-0.009360142064985831,-0.01236014206498583,2.0
2024-08-26,2024-08-27,"XLE,XLU,IWM",-0.005301779545536715,-0.006501779545536715,-0.009501779545536715,2.0
2024-08-27,2024-08-28,"XLP,XLF,XLV",0.000823647503909101,-0.0003763524960908989,-0.003376352496090899,2.0
2024-08-28,2024-08-29,"XLU,XLI,XLP",0.0002446863053439478,-0.000955313694656052,-0.003955313694656052,2.0
2024-08-29,2024-08-30,"DIA,XLY,XLV",0.007220020306705284,0.0060200203067052845,0.0030200203067052844,2.0
2024-08-30,2024-09-03,"QQQ,XLK,SPY",-0.02492453407999562,-0.02612453407999562,-0.02912453407999562,2.0
2024-09-03,2024-09-04,"XLP,XLU,XLY",0.005200787384558092,0.004000787384558092,0.0010007873845580923,2.0
2024-09-04,2024-09-05,"XLU,XLF,XLE",-0.013294254648448764,-0.014494254648448763,-0.017494254648448764,2.0
2024-09-05,2024-09-06,"XLU,XLF,XLE",-0.013687957629438788,-0.014887957629438788,-0.01788795762943879,2.0
2024-09-06,2024-09-09,"XLU,XLV,XLE",0.004804966227340539,0.003604966227340539,0.0006049662273405389,2.0
2024-09-09,2024-09-10,"XLF,DIA,XLI",-0.00673142798444167,-0.00793142798444167,-0.01093142798444167,2.0
2024-09-10,2024-09-11,"XLI,XLF,XLK",0.011309865498073593,0.010109865498073594,0.007109865498073594,2.0
2024-09-11,2024-09-12,"QQQ,XLK,XLU",0.006255952909806517,0.005055952909806517,0.0020559529098065172,2.0
2024-09-12,2024-09-13,"XLU,IWM,XLE",0.008115840197317814,0.006915840197317814,0.003915840197317814,2.0
2024-09-13,2024-09-16,"IWM,XLU,XLI",0.0017042800526805661,0.0005042800526805663,-0.0024957199473194334,2.0
2024-09-16,2024-09-17,"XLV,XLE,DIA",0.0005320437162446753,-0.0006679562837553246,-0.0036679562837553244,2.0
2024-09-17,2024-09-18,"IWM,XLK,XLY",-0.004671544854891185,-0.005871544854891185,-0.008871544854891184,2.0
2024-09-18,2024-09-19,"QQQ,XLI,XLK",0.0013141521581341298,0.00011415215813412988,-0.00288584784186587,2.0
2024-09-19,2024-09-20,"DIA,SPY,XLI",0.0014369579323153154,0.00023695793231531554,-0.0027630420676846845,2.0
2024-09-20,2024-09-23,"XLU,QQQ,XLY",0.003949776563909009,0.0027497765639090095,-0.0002502234360909905,2.0
2024-09-23,2024-09-24,"XLU,XLV,XLI",0.0004484686607684196,-0.0007515313392315803,-0.00375153133923158,2.0
2024-09-24,2024-09-25,"XLE,XLY,IWM",-0.009705593938135562,-0.010905593938135562,-0.013905593938135563,2.0
2024-09-25,2024-09-26,"XLU,XLP,XLV",0.0010406277691977033,-0.00015937223080229662,-0.0031593722308022962,2.0
2024-09-26,2024-09-27,"QQQ,XLK,IWM",-0.006922765969372469,-0.008122765969372468,-0.011122765969372467,2.0
2024-09-27,2024-09-30,"IWM,XLU,XLE",0.006009675569116653,0.004809675569116653,0.0018096755691166533,2.0
2024-09-30,2024-10-01,"XLP,XLU,XLI",0.002157170511808452,0.000957170511808452,-0.002042829488191548,2.0
2024-10-01,2024-10-02,"XLV,XLP,XLI",-0.002200833867060936,-0.003400833867060936,-0.006400833867060936,2.0
2024-10-02,2024-10-03,"XLE,DIA,XLK",0.006766551896826696,0.0055665518968266966,0.0025665518968266965,2.0
2024-10-03,2024-10-04,"XLU,XLE,XLK",0.0020488739985337436,0.0008488739985337437,-0.002151126001466256,2.0
2024-10-04,2024-10-07,"IWM,XLF,XLI",-0.005093347635061122,-0.006293347635061122,-0.009293347635061122,2.0
2024-10-07,2024-10-08,"XLE,XLP,XLV",-0.0019887034662075345,-0.0031887034662075346,-0.006188703466207535,2.0
2024-10-08,2024-10-09,"SPY,XLI,QQQ",0.008095815651015359,0.006895815651015359,0.003895815651015359,2.0
2024-10-09,2024-10-10,"XLY,XLV,XLP",-0.003672677814210027,-0.004872677814210027,-0.007872677814210027,2.0
2024-10-10,2024-10-11,"XLE,XLF,XLU",0.010496029645198579,0.00929602964519858,0.006296029645198579,2.0
2024-10-11,2024-10-14,"XLF,XLI,XLP",0.005085353125854193,0.0038853531258541936,0.0008853531258541936,2.0
2024-10-14,2024-10-15,"QQQ,XLK,SPY",-0.014994623341175295,-0.016194623341175295,-0.019194623341175294,2.0
2024-10-15,2024-10-16,"XLF,XLU,XLP",0.008661721369960906,0.007461721369960907,0.004461721369960907,2.0
2024-10-16,2024-10-17,"IWM,XLU,XLF",-0.00569128652164419,-0.00689128652164419,-0.009891286521644189,2.0
2024-10-17,2024-10-18,"QQQ,XLK,SPY",2.5763175774592046e-05,-0.001174236824225408,-0.004174236824225408,2.0
2024-10-18,2024-10-21,"QQQ,SPY,XLK",0.0039474335218375,0.0027474335218375,-0.0002525664781625001,2.0
2024-10-21,2024-10-22,"XLE,XLU,IWM",0.00031031244748798886,-0.0008896875525120111,-0.0038896875525120107,2.0
2024-10-22,2024-10-23,"XLE,XLP,IWM",-0.000990102264452064,-0.0021901022644520637,-0.005190102264452064,2.0
2024-10-23,2024-10-24,"XLU,XLF,XLI",-0.0037622279395493155,-0.0049622279395493156,-0.007962227939549316,2.0
2024-10-24,2024-10-25,"XLY,QQQ,IWM",-0.003074991555447437,-0.004274991555447437,-0.007274991555447437,2.0
2024-10-25,2024-10-28,"IWM,QQQ,XLI",-0.00021089928120199275,-0.0014108992812019926,-0.0044108992812019925,2.0
2024-10-28,2024-10-29,"SPY,IWM,DIA",0.0028269764834213027,0.0016269764834213028,-0.001373023516578697,2.0
2024-10-29,2024-10-30,"XLK,QQQ,XLV",0.0002290121900735779,-0.000970987809926422,-0.0039709878099264215,2.0
2024-10-30,2024-10-31,"XLU,XLE,XLY",-0.001792056406359858,-0.002992056406359858,-0.005992056406359858,2.0
2024-10-31,2024-11-01,"XLE,XLU,IWM",-0.014707699731694132,-0.015907699731694133,-0.018907699731694132,2.0
2024-11-01,2024-11-04,"XLY,XLE,IWM",0.006211860355325542,0.005011860355325542,0.0020118603553255423,2.0
2024-11-04,2024-11-05,"XLE,XLP,XLI",0.007936747532226507,0.006736747532226507,0.003736747532226507,2.0
2024-11-05,2024-11-06,"XLI,XLE,QQQ",0.008417763272830689,0.007217763272830689,0.004217763272830689,2.0
2024-11-06,2024-11-07,"XLF,IWM,DIA",-0.005476366644847741,-0.006676366644847741,-0.00967636664484774,2.0
2024-11-07,2024-11-08,"XLV,XLK,QQQ",0.0027132171508433465,0.0015132171508433466,-0.0014867828491566533,2.0
2024-11-08,2024-11-11,"XLF,XLU,XLI",0.0029928038416501637,0.0017928038416501638,-0.001207196158349836,2.0
2024-11-11,2024-11-12,"XLY,IWM,XLF",-0.007950654972159965,-0.009150654972159965,-0.012150654972159964,2.0
2024-11-12,2024-11-13,"XLP,XLE,XLI",0.0028973101803819734,0.0016973101803819735,-0.0013026898196180263,2.0
2024-11-13,2024-11-14,"XLU,XLY,IWM",-0.011426366765181642,-0.012626366765181642,-0.015626366765181643,2.0
2024-11-14,2024-11-15,"XLE,IWM,DIA",-0.00656149257625734,-0.00776149257625734,-0.01076149257625734,2.0
2024-11-15,2024-11-18,"IWM,XLU,XLF",0.003512397433467133,0.0023123974334671327,-0.0006876025665328669,2.0
2024-11-18,2024-11-19,"XLY,XLE,XLP",0.0035051935420945166,0.0023051935420945165,-0.0006948064579054831,2.0
2024-11-19,2024-11-20,"XLP,XLU,QQQ",0.000886708104847922,-0.00031329189515207794,-0.003313291895152078,2.0
2024-11-20,2024-11-21,"XLE,XLV,XLF",0.0063979440402251635,0.005197944040225164,0.0021979440402251638,2.0
2024-11-21,2024-11-22,"XLK,SPY,QQQ",0.0027164470348478944,0.0015164470348478945,-0.0014835529651521053,2.0
2024-11-22,2024-11-25,"XLP,IWM,XLU",-0.0011381213553797547,-0.0023381213553797546,-0.005338121355379755,2.0
2024-11-25,2024-11-26,"XLY,XLP,DIA",0.004689915223739553,0.0034899152237395535,0.0004899152237395534,2.0
2024-11-26,2024-11-27,"XLV,XLK,QQQ",-0.0026975134235985854,-0.003897513423598585,-0.006897513423598585,2.0
2024-11-27,2024-11-29,"XLP,IWM,XLU",0.00012224369992079134,-0.0010777563000792085,-0.004077756300079208,2.0
2024-11-29,2024-12-02,"IWM,XLU,XLF",-0.01161423648153507,-0.01281423648153507,-0.01581423648153507,2.0
2024-12-02,2024-12-03,"XLY,QQQ,DIA",0.0013608845993980194,0.00016088459939801953,-0.00283911540060198,2.0
2024-12-03,2024-12-04,"XLE,XLU,XLF",-0.009903596820671027,-0.011103596820671026,-0.014103596820671027,2.0
2024-12-04,2024-12-05,"XLK,QQQ,DIA",-0.003457794049974446,-0.004657794049974446,-0.0076577940499744455,2.0
2024-12-05,2024-12-06,"XLE,XLP,XLU",-0.011003396428404718,-0.012203396428404718,-0.015203396428404719,2.0
2024-12-06,2024-12-09,"XLY,IWM,XLI",-0.009832616191419249,-0.011032616191419249,-0.01403261619141925,2.0
2024-12-09,2024-12-10,"XLE,IWM,XLY",-0.004904390632309297,-0.006104390632309296,-0.009104390632309296,2.0
2024-12-10,2024-12-11,"XLE,QQQ,XLV",-0.00022877156448830593,-0.0014287715644883058,-0.004428771564488306,2.0
2024-12-11,2024-12-12,"SPY,QQQ,XLY",-0.004576304523778256,-0.0057763045237782555,-0.008776304523778256,2.0
2024-12-12,2024-12-13,"XLP,XLU,XLF",-0.002067457264986916,-0.0032674572649869157,-0.006267457264986916,2.0
2024-12-13,2024-12-16,"XLK,QQQ,SPY",0.006513887432460397,0.005313887432460397,0.002313887432460397,2.0
2024-12-16,2024-12-17,"XLY,SPY,QQQ",-0.0007516613209876954,-0.0019516613209876953,-0.004951661320987695,2.0
2024-12-17,2024-12-18,"XLY,XLP,QQQ",-0.027930632923835092,-0.029130632923835092,-0.03213063292383509,2.0
2024-12-18,2024-12-19,"IWM,XLK,XLF",-0.010619970052920258,-0.011819970052920258,-0.014819970052920257,2.0
2024-12-19,2024-12-20,"XLF,SPY,XLY",0.015267070922075096,0.014067070922075096,0.011067070922075095,2.0
2024-12-20,2024-12-23,"XLV,XLE,XLP",0.00471834665293865,0.0035183466529386505,0.0005183466529386505,2.0
2024-12-23,2024-12-24,"QQQ,XLK,XLV",0.007163519213760905,0.005963519213760905,0.002963519213760905,2.0
2024-12-24,2024-12-26,"QQQ,XLY,XLK",0.0015734158703265184,0.0003734158703265185,-0.0026265841296734815,2.0
2024-12-26,2024-12-27,"XLE,XLY,QQQ",-0.005267847949293876,-0.006467847949293876,-0.009467847949293876,2.0
2024-12-27,2024-12-30,"XLE,XLY,IWM",-0.00035837444899444737,-0.0015583744489944473,-0.004558374448994447,2.0
2024-12-30,2024-12-31,"XLE,XLU,IWM",0.0008723237727717251,-0.00032767622722827477,-0.0033276762272282747,2.0
2024-12-31,2025-01-02,"IWM,XLI,XLP",-0.008002469694188349,-0.009202469694188349,-0.01220246969418835,2.0
2025-01-02,2025-01-03,"XLI,XLU,DIA",0.005061872324875353,0.0038618723248753537,0.0008618723248753537,2.0
2025-01-03,2025-01-06,"XLU,DIA,XLF",-0.007522737893957114,-0.008722737893957114,-0.011722737893957114,2.0
2025-01-06,2025-01-07,"XLK,QQQ,SPY",-0.01989541544107798,-0.02109541544107798,-0.024095415441077978,2.0
2025-01-07,2025-01-08,"XLE,DIA,XLF",0.0040012486711359,0.0028012486711359004,-0.00019875132886409963,2.0
2025-01-08,2025-01-10,"XLV,XLK,DIA",-0.008429913085203281,-0.00962991308520328,-0.012629913085203281,2.0
2025-01-10,2025-01-13,"XLE,XLU,XLY",0.006405899982751502,0.0052058999827515025,0.0022058999827515025,2.0
2025-01-13,2025-01-14,"XLE,XLV,XLP",0.0008796160540891865,-0.00032038394591081337,-0.0033203839459108133,2.0
2025-01-14,2025-01-15,"XLI,IWM,XLY",-0.004076225822296091,-0.00527622582229609,-0.00827622582229609,2.0
2025-01-15,2025-01-16,"XLF,IWM,XLU",0.011463818087061059,0.010263818087061059,0.007263818087061059,2.0
2025-01-16,2025-01-17,"XLK,QQQ,XLI",-0.0016340485916016185,-0.0028340485916016184,-0.005834048591601618,2.0
2025-01-17,2025-01-21,"QQQ,XLK,XLY",0.001301665715089828,0.0001016657150898282,-0.0028983342849101717,2.0
2025-01-21,2025-01-22,"XLU,XLI,XLV",-0.00902448841832378,-0.01022448841832378,-0.013224488418323781,2.0
2025-01-22,2025-01-23,"XLK,QQQ,XLP",0.007140991544119031,0.005940991544119032,0.0029409915441190315,2.0
2025-01-23,2025-01-24,"XLE,XLI,XLV",-0.0029083619074125786,-0.004108361907412579,-0.007108361907412578,2.0
2025-01-24,2025-01-27,"XLK,XLE,QQQ",-0.0017232257372258308,-0.0029232257372258305,-0.005923225737225831,2.0
2025-01-27,2025-01-28,"XLP,XLV,XLF",-0.006678373294497127,-0.007878373294497127,-0.010878373294497127,2.0
2025-01-28,2025-01-29,"XLK,XLE,XLI",-0.0018396496093607089,-0.0030396496093607088,-0.006039649609360709,2.0
2025-01-29,2025-01-30,"XLP,QQQ,XLI",0.00543388183155243,0.00423388183155243,0.0012338818315524303,2.0
2025-01-30,2025-01-31,"XLY,IWM,XLF",-0.007507563344360165,-0.008707563344360165,-0.011707563344360164,2.0
2025-01-31,2025-02-03,"QQQ,XLK,SPY",0.008834364207034687,0.007634364207034687,0.004634364207034687,2.0
2025-02-03,2025-02-04,"XLE,XLV,XLP",0.009683552716471514,0.008483552716471514,0.005483552716471514,2.0
2025-02-04,2025-02-05,"XLK,XLF,XLI",0.005481063772088938,0.004281063772088939,0.0012810637720889386,2.0
2025-02-05,2025-02-06,"XLU,IWM,XLF",-0.0036765975313361268,-0.004876597531336127,-0.007876597531336127,2.0
2025-02-06,2025-02-07,"XLP,XLF,IWM",-0.006974542110559405,-0.008174542110559405,-0.011174542110559404,2.0
2025-02-07,2025-02-10,"XLI,XLE,XLK",0.00736347318925031,0.00616347318925031,0.00316347318925031,2.0
2025-02-10,2025-02-11,"DIA,XLI,XLE",0.004413255310943794,0.003213255310943794,0.00021325531094379402,2.0
2025-02-11,2025-02-12,"XLE,XLP,XLF",-0.0021935981954022132,-0.003393598195402213,-0.006393598195402213,2.0
2025-02-12,2025-02-13,"XLV,XLF,XLE",0.0049703997437125684,0.0037703997437125688,0.0007703997437125687,2.0
2025-02-13,2025-02-14,"IWM,XLY,DIA",-0.005390062337255845,-0.006590062337255845,-0.009590062337255845,2.0
2025-02-14,2025-02-18,"XLY,IWM,XLE",0.0036717715971328335,0.002471771597132834,-0.0005282284028671662,2.0
2025-02-18,2025-02-19,"XLI,XLU,XLE",0.00452485626797657,0.00332485626797657,0.00032485626797656986,2.0
2025-02-19,2025-02-20,"XLE,XLP,XLV",0.008859612138062781,0.007659612138062781,0.004659612138062781,2.0
2025-02-20,2025-02-21,"XLK,QQQ,XLE",-0.02168736566893185,-0.02288736566893185,-0.02588736566893185,2.0
2025-02-21,2025-02-24,"IWM,XLY,QQQ",-0.011693296007633358,-0.012893296007633358,-0.015893296007633357,2.0
2025-02-24,2025-02-25,"XLF,DIA,XLI",0.0001245612014200518,-0.001075438798579948,-0.004075438798579948,2.0
2025-02-25,2025-02-26,"XLF,DIA,XLP",-0.007511958033548057,-0.008711958033548057,-0.011711958033548056,2.0
2025-02-26,2025-02-27,"XLK,XLI,XLY",-0.02212641016807404,-0.02332641016807404,-0.02632641016807404,2.0
2025-02-27,2025-02-28,"QQQ,SPY,XLF",0.015389812815280143,0.014189812815280143,0.011189812815280142,2.0
2025-02-28,2025-03-03,"XLP,XLU,XLF",0.0004916192594860425,-0.0007083807405139574,-0.0037083807405139573,2.0
2025-03-03,2025-03-04,"XLI,QQQ,XLY",-0.0021429363217641737,-0.003342936321764174,-0.006342936321764173,2.0
2025-03-04,2025-03-05,"XLV,XLU,XLP",0.006785682597980365,0.0055856825979803655,0.0025856825979803655,2.0
2025-03-05,2025-03-06,"XLI,XLK,QQQ",-0.005585576414129156,-0.006785576414129156,-0.009785576414129155,2.0
2025-03-06,2025-03-07,"XLE,XLP,XLV",0.008808939519712547,0.007608939519712548,0.004608939519712548,2.0
2025-03-07,2025-03-10,"XLE,XLU,XLK",-0.0022416550526922117,-0.0034416550526922118,-0.006441655052692211,2.0
2025-03-10,2025-03-11,"XLE,XLP,XLU",-0.011141629971125777,-0.012341629971125777,-0.015341629971125776,2.0
2025-03-11,2025-03-12,"XLE,IWM,XLV",-0.004489728969885716,-0.005689728969885716,-0.008689728969885716,2.0
2025-03-12,2025-03-13,"XLY,QQQ,SPY",-0.017581052585947998,-0.018781052585947998,-0.021781052585947997,2.0
2025-03-13,2025-03-14,"XLU,XLF,XLP",0.011541287390759733,0.010341287390759733,0.007341287390759733,2.0
2025-03-14,2025-03-17,"XLY,XLI,IWM",0.010088370503424779,0.008888370503424779,0.005888370503424779,2.0
2025-03-17,2025-03-18,"XLP,XLY,SPY",-0.008639290385897613,-0.009839290385897613,-0.012839290385897612,2.0
2025-03-18,2025-03-19,"XLE,XLF,XLV",0.008390171004325708,0.007190171004325709,0.0041901710043257085,2.0
2025-03-19,2025-03-20,"XLY,QQQ,XLI",0.004312935667724209,0.003112935667724209,0.00011293566772420903,2.0
2025-03-20,2025-03-21,"XLV,XLU,XLP",-0.0006728140628205296,-0.0018728140628205296,-0.00487281406282053,2.0
2025-03-21,2025-03-24,"XLP,XLE,XLU",0.0024364720938467497,0.0012364720938467498,-0.00176352790615325,2.0
2025-03-24,2025-03-25,"IWM,XLI,SPY",-0.0016619615502790896,-0.0028619615502790893,-0.005861961550279089,2.0
2025-03-25,2025-03-26,"XLV,XLE,XLF",-0.004578048171197668,-0.005778048171197668,-0.008778048171197667,2.0
2025-03-26,2025-03-27,"XLE,XLP,XLF",0.0005163553852913413,-0.0006836446147086586,-0.0036836446147086583,2.0
2025-03-27,2025-03-28,"XLP,XLI,XLU",-0.007461138285243714,-0.008661138285243715,-0.011661138285243714,2.0
2025-03-28,2025-03-31,"XLU,XLP,IWM",0.011312525484419153,0.010112525484419153,0.007112525484419153,2.0
2025-03-31,2025-04-01,"XLP,XLU,XLE",0.0025550224787447653,0.0013550224787447654,-0.0016449775212552344,2.0
2025-04-01,2025-04-02,"XLP,XLE,XLU",0.004000187515370309,0.002800187515370309,-0.00019981248462969114,2.0
2025-04-02,2025-04-03,"XLP,XLU,XLV",-0.002040801339359762,-0.0032408013393597623,-0.0062408013393597615,2.0
2025-04-03,2025-04-04,"XLP,XLU,XLV",-0.04659886042827518,-0.04779886042827518,-0.05079886042827518,2.0
2025-04-04,2025-04-07,"XLU,XLP,XLK",0.020388197689561016,0.019188197689561017,0.016188197689561017,2.0
2025-04-07,2025-04-08,"XLU,XLE,XLI",-0.03734683195649302,-0.03854683195649302,-0.04154683195649302,2.0
2025-04-08,2025-04-09,"XLV,DIA,SPY",0.0898802829740905,0.08868028297409049,0.0856802829740905,2.0
2025-04-09,2025-04-10,"XLK,QQQ,XLY",-0.01474126300261173,-0.01594126300261173,-0.01894126300261173,2.0
2025-04-10,2025-04-11,"XLP,XLU,XLV",0.011417953975789116,0.010217953975789116,0.007217953975789116,2.0
2025-04-11,2025-04-14,"XLP,XLE,XLV",-0.001511850701939969,-0.002711850701939969,-0.005711850701939969,2.0
2025-04-14,2025-04-15,"XLK,XLE,IWM",0.0012389829633461986,3.8982963346198725e-05,-0.0029610170366538013,2.0
2025-04-15,2025-04-16,"XLF,XLV,XLU",-0.012748864184448538,-0.013948864184448538,-0.016948864184448537,2.0
2025-04-16,2025-04-17,"XLP,XLE,XLV",0.010771036187488278,0.009571036187488278,0.006571036187488278,2.0
2025-04-17,2025-04-21,"XLP,XLE,XLU",-0.01336387605415342,-0.01456387605415342,-0.01756387605415342,2.0
2025-04-21,2025-04-22,"XLP,XLV,XLF",0.012880067277769655,0.011680067277769655,0.008680067277769654,2.0
2025-04-22,2025-04-23,"XLU,XLF,DIA",-0.006903988002855373,-0.008103988002855373,-0.011103988002855373,2.0
2025-04-23,2025-04-24,"XLY,IWM,XLK",0.021507180724921932,0.020307180724921933,0.017307180724921933,2.0
2025-04-24,2025-04-25,"XLE,XLK,QQQ",0.012351230300756688,0.011151230300756688,0.00815123030075669,2.0
2025-04-25,2025-04-28,"XLP,XLV,XLU",0.0013416522323359548,0.00014165223233595487,-0.002858347767664045,2.0
2025-04-28,2025-04-29,"XLF,XLY,DIA",0.010662697791070356,0.009462697791070356,0.006462697791070356,2.0
2025-04-29,2025-04-30,"DIA,XLF,XLV",0.009659089072033758,0.008459089072033759,0.005459089072033759,2.0
2025-04-30,2025-05-01,"XLP,XLV,XLU",-0.00699970693048609,-0.00819970693048609,-0.01119970693048609,2.0
2025-05-01,2025-05-02,"XLK,QQQ,XLU",0.004686413742266193,0.0034864137422661937,0.0004864137422661936,2.0
2025-05-02,2025-05-05,"XLV,XLF,XLI",0.0026282538464821683,0.0014282538464821684,-0.0015717461535178314,2.0
2025-05-05,2025-05-06,"XLP,XLV,XLU",-0.0027021259945592866,-0.0039021259945592867,-0.006902125994559286,2.0
2025-05-06,2025-05-07,"XLE,XLU,XLP",0.0011195234927282212,-8.047650727177873e-05,-0.003080476507271779,2.0
2025-05-07,2025-05-08,"IWM,DIA,XLV",0.0023124691646639883,0.0011124691646639884,-0.0018875308353360114,2.0
2025-05-08,2025-05-09,"IWM,XLF,QQQ",-0.003397703255446527,-0.004597703255446527,-0.007597703255446527,2.0
2025-05-09,2025-05-12,"XLE,XLU,QQQ",-0.006459019064981956,-0.007659019064981956,-0.010659019064981956,2.0
2025-05-12,2025-05-13,"XLY,IWM,XLI",0.0031311148477951947,0.0019311148477951948,-0.001068885152204805,2.0
2025-05-13,2025-05-14,"IWM,XLY,XLE",-0.001390766498849505,-0.0025907664988495047,-0.005590766498849505,2.0
2025-05-14,2025-05-15,"XLK,XLV,XLY",0.009868495318343514,0.008668495318343515,0.005668495318343515,2.0
2025-05-15,2025-05-16,"XLU,XLI,XLP",0.011163379925748377,0.009963379925748377,0.006963379925748377,2.0
2025-05-16,2025-05-19,"XLY,XLK,QQQ",0.014261734918637284,0.013061734918637284,0.010061734918637284,2.0
2025-05-19,2025-05-20,"XLV,XLP,XLF",0.0018216132955306181,0.0006216132955306182,-0.002378386704469382,2.0
2025-05-20,2025-05-21,"XLY,XLV,XLE",-0.01326643443241752,-0.01446643443241752,-0.01746643443241752,2.0
2025-05-21,2025-05-22,"XLU,XLE,XLV",-0.0016993887974092365,-0.0028993887974092364,-0.005899388797409236,2.0
2025-05-22,2025-05-23,"QQQ,XLK,SPY",0.005986091128834599,0.004786091128834599,0.0017860911288345993,2.0
2025-05-23,2025-05-27,"XLU,XLP,XLV",0.0035606110375571895,0.0023606110375571894,-0.0006393889624428102,2.0
2025-05-27,2025-05-28,"SPY,XLI,QQQ",-0.006405370729779684,-0.007605370729779684,-0.010605370729779684,2.0
2025-05-28,2025-05-29,"XLE,QQQ,XLI",-0.0031676108498341904,-0.00436761084983419,-0.00736761084983419,2.0
2025-05-29,2025-05-30,"QQQ,XLK,SPY",-0.0008296606025071837,-0.0020296606025071834,-0.005029660602507183,2.0
2025-05-30,2025-06-02,"XLK,DIA,QQQ",0.009581766534640712,0.008381766534640712,0.005381766534640712,2.0
2025-06-02,2025-06-03,"XLE,IWM,XLI",0.01050051418594955,0.00930051418594955,0.00630051418594955,2.0
2025-06-03,2025-06-04,"XLU,IWM,XLK",-0.006376652270123888,-0.007576652270123887,-0.010576652270123887,2.0
2025-06-04,2025-06-05,"XLI,XLV,XLF",-0.0035272603970344374,-0.004727260397034437,-0.007727260397034437,2.0
2025-06-05,2025-06-06,"XLE,XLI,SPY",0.003334381758412719,0.002134381758412719,-0.0008656182415872809,2.0
2025-06-06,2025-06-09,"XLF,IWM,SPY",-0.003024593746616566,-0.004224593746616566,-0.007224593746616566,2.0
2025-06-09,2025-06-10,"IWM,XLE,XLK",0.0043664081628542,0.0031664081628542005,0.00016640816285420044,2.0
2025-06-10,2025-06-11,"XLE,IWM,XLU",-0.0012660484862569248,-0.0024660484862569247,-0.005466048486256925,2.0
2025-06-11,2025-06-12,"XLE,XLY,IWM",0.003955996584904087,0.002755996584904087,-0.00024400341509591295,2.0
2025-06-12,2025-06-13,"XLU,XLV,XLK",-0.0020755086619356953,-0.0032755086619356954,-0.006275508661935695,2.0
2025-06-13,2025-06-16,"XLE,XLU,XLP",-0.0030886770758195756,-0.004288677075819576,-0.007288677075819575,2.0
2025-06-16,2025-06-17,"IWM,XLI,XLF",-0.002293235037521065,-0.003493235037521065,-0.006493235037521064,2.0
2025-06-17,2025-06-18,"XLE,XLU,XLK",-0.003702170154651833,-0.004902170154651833,-0.007902170154651833,2.0
2025-06-18,2025-06-20,"XLP,XLE,XLU",0.0035184764055986584,0.0023184764055986587,-0.0006815235944013414,2.0
2025-06-20,2025-06-23,"XLI,XLY,QQQ",0.012871609589002464,0.011671609589002464,0.008671609589002465,2.0
2025-06-23,2025-06-24,"XLE,XLU,XLI",0.002567758646290663,0.0013677586462906633,-0.0016322413537093365,2.0
2025-06-24,2025-06-25,"XLF,QQQ,XLK",-0.0006032177835331535,-0.0018032177835331535,-0.0048032177835331535,2.0
2025-06-25,2025-06-26,"XLK,QQQ,XLY",0.005326004432731531,0.004126004432731531,0.001126004432731531,2.0
2025-06-26,2025-06-27,"XLI,QQQ,XLK",0.0015634487677361013,0.0003634487677361014,-0.0026365512322638982,2.0
2025-06-27,2025-06-30,"XLI,XLY,DIA",-0.0006212255513996512,-0.001821225551399651,-0.004821225551399651,2.0
2025-06-30,2025-07-01,"XLK,DIA,QQQ",-1.7131435222565255e-05,-0.0012171314352225652,-0.004217131435222565,2.0
2025-07-01,2025-07-02,"XLP,XLE,XLU",0.0024476207985838125,0.0012476207985838126,-0.0017523792014161872,2.0
2025-07-02,2025-07-03,"XLE,XLY,XLF",0.0039419157758839125,0.002741915775883913,-0.00025808422411608724,2.0
2025-07-03,2025-07-07,"XLK,QQQ,XLI",-0.0033802069155020784,-0.0045802069155020785,-0.007580206915502078,2.0
2025-07-07,2025-07-08,"XLI,XLV,XLF",-0.0005688655541922216,-0.0017688655541922215,-0.004768865554192221,2.0
2025-07-08,2025-07-09,"XLK,IWM,QQQ",0.0034979722637984434,0.0022979722637984437,-0.0007020277362015563,2.0
2025-07-09,2025-07-10,"XLI,SPY,DIA",0.0039435218689976015,0.002743521868997602,-0.00025647813100239825,2.0
2025-07-10,2025-07-11,"XLK,XLY,XLI",0.0015653512436743326,0.00036535124367433275,-0.002634648756325667,2.0
2025-07-11,2025-07-14,"XLE,XLY,XLV",-0.0009354631282321538,-0.002135463128232154,-0.005135463128232154,2.0
2025-07-14,2025-07-15,"XLP,XLY,XLI",-0.011099247079955946,-0.012299247079955946,-0.015299247079955947,2.0
2025-07-15,2025-07-16,"XLK,QQQ,SPY",0.001179759078351476,-2.024092164852392e-05,-0.0030202409216485235,2.0
2025-07-16,2025-07-17,"XLF,IWM,DIA",0.010785234729455325,0.009585234729455326,0.006585234729455326,2.0
2025-07-17,2025-07-18,"XLI,XLP,QQQ",-0.003942150535811891,-0.00514215053581189,-0.00814215053581189,2.0
2025-07-18,2025-07-21,"XLE,IWM,XLY",-0.006379050014546639,-0.007579050014546639,-0.010579050014546638,2.0
2025-07-21,2025-07-22,"XLI,IWM,SPY",0.004330642452412696,0.003130642452412696,0.0001306424524126961,2.0
2025-07-22,2025-07-23,"XLU,XLY,XLF",-0.0027331994982294403,-0.00393319949822944,-0.00693319949822944,2.0
2025-07-23,2025-07-24,"XLI,XLV,XLU",-0.0019907111352212383,-0.0031907111352212384,-0.0061907111352212385,2.0
2025-07-24,2025-07-25,"QQQ,XLK,XLU",0.0020723887253076465,0.0008723887253076466,-0.0021276112746923532,2.0
2025-07-25,2025-07-28,"XLY,XLI,XLV",-0.0026352947779741584,-0.0038352947779741586,-0.006835294777974158,2.0
2025-07-28,2025-07-29,"XLE,XLK,QQQ",-0.0014683782022411422,-0.002668378202241142,-0.005668378202241142,2.0
2025-07-29,2025-07-30,"XLK,QQQ,IWM",-0.0028327475209422395,-0.00403274752094224,-0.00703274752094224,2.0
2025-07-30,2025-07-31,"IWM,XLU,QQQ",-0.004321687022257399,-0.005521687022257399,-0.008521687022257399,2.0
2025-07-31,2025-08-01,"QQQ,XLK,SPY",-0.008994434595667844,-0.010194434595667844,-0.013194434595667843,2.0
2025-08-01,2025-08-04,"XLP,XLV,XLU",0.010402729873601135,0.009202729873601136,0.006202729873601136,2.0
2025-08-04,2025-08-05,"QQQ,XLK,SPY",-0.00900981308621085,-0.010209813086210849,-0.013209813086210848,2.0
2025-08-05,2025-08-06,"XLK,QQQ,IWM",0.006531767396086741,0.005331767396086741,0.002331767396086741,2.0
2025-08-06,2025-08-07,"XLE,XLP,DIA",-0.0047034075520113,-0.0059034075520113,-0.0089034075520113,2.0
2025-08-07,2025-08-08,"XLK,QQQ,IWM",0.003333423302473807,0.002133423302473807,-0.0008665766975261926,2.0
2025-08-08,2025-08-11,"XLF,XLE,IWM",-0.004918301151786338,-0.0061183011517863374,-0.009118301151786338,2.0
2025-08-11,2025-08-12,"XLU,XLF,XLY",0.003976428972226905,0.002776428972226905,-0.00022357102777309512,2.0
2025-08-12,2025-08-13,"XLY,IWM,SPY",0.007622310352724278,0.006422310352724278,0.003422310352724278,2.0
2025-08-13,2025-08-14,"XLK,DIA,QQQ",0.002959165729723582,0.0017591657297235822,-0.0012408342702764177,2.0
2025-08-14,2025-08-15,"XLE,XLF,XLV",-0.0025631948992572706,-0.0037631948992572703,-0.00676319489925727,2.0
2025-08-15,2025-08-18,"XLV,DIA,XLY",0.0002273377109325662,-0.0009726622890674337,-0.003972662289067433,2.0
2025-08-18,2025-08-19,"XLV,XLU,XLP",0.008072295753544179,0.006872295753544179,0.003872295753544179,2.0
2025-08-19,2025-08-20,"XLP,DIA,XLI",0.0017402457804083598,0.0005402457804083599,-0.0024597542195916398,2.0
2025-08-20,2025-08-21,"XLY,XLU,XLE",0.0002357067423729061,-0.0009642932576270938,-0.003964293257627094,2.0
2025-08-21,2025-08-22,"XLU,XLV,XLE",0.006045767342552392,0.004845767342552393,0.0018457673425523926,2.0
2025-08-22,2025-08-25,"XLU,DIA,XLI",-0.007292554394142965,-0.008492554394142966,-0.011492554394142965,2.0
2025-08-25,2025-08-26,"XLK,XLV,IWM",0.004445095038193865,0.0032450950381938655,0.00024509503819386547,2.0
2025-08-26,2025-08-27,"XLV,IWM,XLU",0.003166888060757045,0.001966888060757045,-0.0010331119392429549,2.0
2025-08-27,2025-08-28,"XLK,XLU,XLY",-0.0006302553110661968,-0.0018302553110661967,-0.0048302553110661966,2.0
2025-08-28,2025-08-29,"XLI,IWM,XLF",-0.004221640481785231,-0.005421640481785231,-0.00842164048178523,2.0
2025-08-29,2025-09-02,"XLP,IWM,XLF",0.0009493491888190967,-0.0002506508111809032,-0.003250650811180903,2.0
2025-09-02,2025-09-03,"XLP,XLE,XLV",-0.003936658847629985,-0.005136658847629985,-0.008136658847629985,2.0
2025-09-03,2025-09-04,"QQQ,SPY,XLK",0.008075860485923977,0.006875860485923977,0.0038758604859239773,2.0
2025-09-04,2025-09-05,"XLU,XLY,XLF",-0.01013152896837514,-0.01133152896837514,-0.01433152896837514,2.0
2025-09-05,2025-09-08,"QQQ,XLK,SPY",0.0011403671893591334,-5.96328106408665e-05,-0.0030596328106408666,2.0
2025-09-08,2025-09-09,"XLK,XLY,QQQ",0.00015642015045388055,-0.0010435798495461194,-0.0040435798495461195,2.0
2025-09-09,2025-09-10,"XLE,XLK,XLV",0.0015212409304295644,0.00032124093042956454,-0.0026787590695704355,2.0
2025-09-10,2025-09-11,"XLK,SPY,QQQ",0.0012693424458430542,6.934244584305433e-05,-0.0029306575541569457,2.0
2025-09-11,2025-09-12,"XLK,XLV,QQQ",-0.0026420456755880117,-0.0038420456755880114,-0.0068420456755880115,2.0
2025-09-12,2025-09-15,"XLE,QQQ,XLK",0.002540031092092961,0.0013400310920929613,-0.0016599689079070386,2.0
2025-09-15,2025-09-16,"XLY,SPY,QQQ",-0.0007034111087087144,-0.0019034111087087142,-0.004903411108708714,2.0
2025-09-16,2025-09-17,"XLE,XLY,XLK",-0.00032367824185682476,-0.0015236782418568246,-0.004523678241856824,2.0
2025-09-17,2025-09-18,"XLU,DIA,XLF",0.0019228855069173267,0.0007228855069173268,-0.002277114493082673,2.0
2025-09-18,2025-09-19,"XLK,QQQ,SPY",0.003848707846752989,0.002648707846752989,-0.0003512921532470106,2.0
2025-09-19,2025-09-22,"QQQ,SPY,XLY",0.00396454986243792,0.0027645498624379204,-0.00023545013756207968,2.0
2025-09-22,2025-09-23,"XLU,XLY,XLK",-0.004078321609512862,-0.005278321609512862,-0.008278321609512862,2.0
2025-09-23,2025-09-24,"XLE,XLI,XLY",0.000383724827272595,-0.0008162751727274048,-0.003816275172727405,2.0
2025-09-24,2025-09-25,"XLE,XLY,SPY",0.00043582766969126513,-0.0007641723303087348,-0.0037641723303087344,2.0
2025-09-25,2025-09-26,"XLP,XLE,XLU",0.007955570191140756,0.006755570191140757,0.0037555701911407566,2.0
2025-09-26,2025-09-29,"XLV,XLI,DIA",-0.001537794639585292,-0.002737794639585292,-0.005737794639585292,2.0
2025-09-29,2025-09-30,"XLI,QQQ,SPY",0.005680250296671963,0.004480250296671963,0.0014802502966719628,2.0
2025-09-30,2025-10-01,"XLU,XLK,QQQ",0.010942192362482025,0.009742192362482026,0.0067421923624820254,2.0
2025-10-01,2025-10-02,"XLV,XLU,XLY",-0.001312293217530384,-0.002512293217530384,-0.005512293217530384,2.0
2025-10-02,2025-10-03,"QQQ,XLK,SPY",-0.004196662718764954,-0.005396662718764954,-0.008396662718764953,2.0
2025-10-03,2025-10-06,"IWM,XLY,XLE",-0.0010585605290738265,-0.002258560529073826,-0.005258560529073826,2.0
2025-10-06,2025-10-07,"QQQ,XLK,SPY",-0.008083986399066526,-0.009283986399066526,-0.012283986399066527,2.0
2025-10-07,2025-10-08,"XLK,XLF,XLU",0.0023945542789095184,0.0011945542789095185,-0.0018054457210904813,2.0
2025-10-08,2025-10-09,"XLU,DIA,XLF",-0.005775231522038515,-0.006975231522038515,-0.009975231522038514,2.0
2025-10-09,2025-10-10,"XLP,XLU,XLF",-0.011414934507711694,-0.012614934507711693,-0.015614934507711693,2.0
2025-10-10,2025-10-13,"DIA,XLF,XLP",0.0029516468531397186,0.0017516468531397187,-0.001248353146860281,2.0
2025-10-13,2025-10-14,"XLK,QQQ,SPY",0.004167553322800351,0.002967553322800351,-3.2446677199649e-05,2.0
2025-10-14,2025-10-15,"XLP,XLU,XLV",0.0047585926943657,0.0035585926943657005,0.0005585926943657005,2.0
2025-10-15,2025-10-16,"XLK,QQQ,SPY",-0.008051603616346678,-0.009251603616346677,-0.012251603616346678,2.0
2025-10-16,2025-10-17,"XLK,XLU,QQQ",0.0041405533796015455,0.0029405533796015458,-5.944662039845429e-05,2.0
2025-10-17,2025-10-20,"XLP,XLE,XLF",0.004677516514405881,0.0034775165144058815,0.0004775165144058815,2.0
2025-10-20,2025-10-21,"IWM,XLU,XLI",-0.002006254248327085,-0.003206254248327085,-0.006206254248327084,2.0
2025-10-21,2025-10-22,"XLP,XLE,XLI",-0.0016370287127535448,-0.0028370287127535447,-0.005837028712753545,2.0
2025-10-22,2025-10-23,"XLV,XLE,XLU",-0.0027186587861846765,-0.003918658786184677,-0.006918658786184676,2.0
2025-10-23,2025-10-24,"XLE,XLU,XLF",-0.0012276013173698013,-0.002427601317369801,-0.005427601317369801,2.0
2025-10-24,2025-10-27,"XLP,IWM,XLK",-0.0008400699232153549,-0.0020400699232153547,-0.005040069923215354,2.0
2025-10-27,2025-10-28,"QQQ,XLK,SPY",0.0030338207247927094,0.0018338207247927095,-0.0011661792752072904,2.0
2025-10-28,2025-10-29,"DIA,XLU,XLK",-0.002285361625745108,-0.003485361625745108,-0.006485361625745108,2.0
2025-10-29,2025-10-30,"XLK,DIA,QQQ",-0.0048027518944587415,-0.006002751894458741,-0.009002751894458741,2.0
2025-10-30,2025-10-31,"XLP,XLV,XLE",0.0048948190568866385,0.003694819056886639,0.0006948190568866388,2.0
2025-10-31,2025-11-03,"XLY,QQQ,SPY",-0.003039233480530109,-0.004239233480530109,-0.007239233480530108,2.0
2025-11-03,2025-11-04,"QQQ,XLY,XLK",-0.006288050176156672,-0.007488050176156671,-0.010488050176156671,2.0
2025-11-04,2025-11-05,"XLP,XLU,XLF",0.0010243358139493768,-0.0001756641860506231,-0.0031756641860506227,2.0
2025-11-05,2025-11-06,"XLY,IWM,XLF",-0.01189344727771513,-0.01309344727771513,-0.01609344727771513,2.0
2025-11-06,2025-11-07,"XLE,XLI,XLK",0.008172036037506233,0.006972036037506233,0.003972036037506233,2.0
2025-11-07,2025-11-10,"XLP,XLE,XLV",0.005342462925145693,0.004142462925145693,0.001142462925145693,2.0
2025-11-10,2025-11-11,"XLK,QQQ,SPY",0.0013851858216058128,0.00018518582160581293,-0.002814814178394187,2.0
2025-11-11,2025-11-12,"XLE,XLV,XLP",0.0008887480723555422,-0.0003112519276444577,-0.0033112519276444576,2.0
2025-11-12,2025-11-13,"XLK,QQQ,DIA",-0.01603429501006463,-0.01723429501006463,-0.02023429501006463,2.0
2025-11-13,2025-11-14,"XLE,XLP,XLI",0.0053932229248233226,0.004193222924823323,0.0011932229248233228,2.0
2025-11-14,2025-11-17,"XLE,XLP,XLU",-0.005532406969031937,-0.006732406969031937,-0.009732406969031937,2.0
2025-11-17,2025-11-18,"XLU,XLF,XLP",-0.00045717723065600663,-0.0016571772306560066,-0.004657177230656007,2.0
2025-11-18,2025-11-19,"XLP,XLU,XLV",-0.005252008493583833,-0.006452008493583833,-0.009452008493583833,2.0
2025-11-19,2025-11-20,"XLY,XLI,SPY",-0.02860347721670579,-0.02980347721670579,-0.03280347721670579,2.0
2025-11-20,2025-11-21,"XLI,SPY,QQQ",0.006082322918601705,0.004882322918601706,0.0018823229186017056,2.0
2025-11-21,2025-11-24,"XLF,XLI,XLU",0.004651832483003604,0.0034518324830036043,0.00045183248300360423,2.0
2025-11-24,2025-11-25,"QQQ,SPY,XLY",0.013156240973740463,0.011956240973740463,0.008956240973740464,2.0
2025-11-25,2025-11-26,"XLF,XLV,XLU",0.004385252714276329,0.0031852527142763295,0.0001852527142763294,2.0
2025-11-26,2025-11-28,"XLU,XLK,QQQ",0.005667561357863837,0.004467561357863838,0.0014675613578638376,2.0
2025-11-28,2025-12-01,"XLF,XLU,QQQ",-0.005162638234590585,-0.006362638234590584,-0.009362638234590584,2.0
2025-12-01,2025-12-02,"XLE,XLP,XLY",-0.006008702001429593,-0.0072087020014295925,-0.010208702001429593,2.0
2025-12-02,2025-12-03,"XLI,XLU,IWM",0.006401433191045062,0.005201433191045063,0.0022014331910450626,2.0
2025-12-03,2025-12-04,"XLE,XLP,XLF",0.0010167650681143965,-0.0001832349318856034,-0.0031832349318856035,2.0
2025-12-04,2025-12-05,"SPY,QQQ,XLY",0.0022325321386165164,0.0010325321386165166,-0.0019674678613834833,2.0
2025-12-05,2025-12-08,"XLV,XLK,QQQ",-0.005278425404033893,-0.006478425404033893,-0.009478425404033892,2.0
2025-12-08,2025-12-09,"IWM,XLK,QQQ",0.0041483541110719875,0.002948354111071988,-5.1645888928012265e-05,2.0
2025-12-09,2025-12-10,"XLU,XLV,XLP",0.003483935123826276,0.0022839351238262764,-0.0007160648761737236,2.0
2025-12-10,2025-12-11,"XLI,XLP,XLE",0.006006429895310195,0.004806429895310195,0.001806429895310195,2.0
2025-12-11,2025-12-12,"XLV,XLP,DIA",0.0004905345018251239,-0.000709465498174876,-0.003709465498174876,2.0
2025-12-12,2025-12-15,"XLF,XLU,XLI",-0.0015452440690077267,-0.0027452440690077266,-0.005745244069007727,2.0
2025-12-15,2025-12-16,"SPY,XLY,XLU",-0.0006714728269601918,-0.0018714728269601916,-0.004871472826960191,2.0
2025-12-16,2025-12-17,"XLP,XLF,XLV",-0.000893351904882674,-0.002093351904882674,-0.0050933519048826734,2.0
2025-12-17,2025-12-18,"XLE,XLF,DIA",-0.006436306305303822,-0.007636306305303822,-0.010636306305303822,2.0
2025-12-18,2025-12-19,"XLY,QQQ,XLK",0.006060320278345244,0.004860320278345244,0.001860320278345244,2.0
2025-12-19,2025-12-22,"XLK,SPY,QQQ",-0.0026547301851591967,-0.003854730185159197,-0.006854730185159197,2.0
2025-12-22,2025-12-23,"XLK,QQQ,SPY",0.00686390319070244,0.0056639031907024405,0.0026639031907024404,2.0
2025-12-23,2025-12-24,"XLE,XLI,XLF",0.0020287498333605436,0.0008287498333605437,-0.002171250166639456,2.0
2025-12-24,2025-12-26,"XLF,XLV,XLY",-0.0008023375542242454,-0.0020023375542242454,-0.005002337554224245,2.0
2025-12-26,2025-12-29,"XLK,QQQ,SPY",0.0017567138950524235,0.0005567138950524236,-0.002443286104947576,2.0
2025-12-29,2025-12-30,"XLE,XLU,XLV",0.0018551550212808632,0.0006551550212808633,-0.0023448449787191366,2.0
2025-12-30,2025-12-31,"XLE,XLF,XLU",-0.006520667410713554,-0.007720667410713554,-0.010720667410713553,2.0
