mode,window,symbol,side,price_cents,status,filled,quantity
touch,09:30:00.000,600036,BUY,4088,CANCELLED,0,100
touch,09:30:00.000,600036,SELL,4084,FILLED,100,100
touch,09:30:00.000,688981,BUY,12202,FILLED,200,200
touch,09:30:00.000,688981,SELL,12201,FILLED,200,200
touch,09:30:00.000,601600,BUY,928,FILLED,100,100
touch,09:30:00.000,601600,SELL,927,FILLED,100,100
touch,10:00:00.000,600036,BUY,4081,FILLED,100,100
touch,10:00:00.000,600036,SELL,4080,FILLED,100,100
touch,10:00:00.000,688981,BUY,12163,FILLED,200,200
touch,10:00:00.000,688981,SELL,12161,CANCELLED,0,200
touch,10:00:00.000,601600,BUY,918,FILLED,100,100
touch,10:00:00.000,601600,SELL,917,FILLED,100,100
touch,10:30:00.000,600036,BUY,4082,FILLED,100,100
touch,10:30:00.000,600036,SELL,4081,FILLED,100,100
touch,10:30:00.000,688981,BUY,12150,FILLED,200,200
touch,10:30:00.000,688981,SELL,12148,FILLED,200,200
touch,10:30:00.000,601600,BUY,918,FILLED,100,100
touch,10:30:00.000,601600,SELL,917,FILLED,100,100
touch,11:00:00.000,600036,BUY,4074,FILLED,100,100
touch,11:00:00.000,600036,SELL,4073,FILLED,100,100
touch,11:00:00.000,688981,BUY,12186,FILLED,200,200
touch,11:00:00.000,688981,SELL,12180,FILLED,200,200
touch,11:00:00.000,601600,BUY,914,FILLED,100,100
touch,11:00:00.000,601600,SELL,913,FILLED,100,100
touch,13:00:00.000,600036,BUY,4074,FILLED,100,100
touch,13:00:00.000,600036,SELL,4072,FILLED,100,100
touch,13:00:00.000,688981,BUY,12130,FILLED,200,200
touch,13:00:00.000,688981,SELL,12128,FILLED,200,200
touch,13:00:00.000,601600,BUY,913,FILLED,100,100
touch,13:00:00.000,601600,SELL,912,FILLED,100,100
touch,13:30:00.000,600036,BUY,4059,FILLED,100,100
touch,13:30:00.000,600036,SELL,4058,FILLED,100,100
touch,13:30:00.000,688981,BUY,12178,FILLED,200,200
touch,13:30:00.000,688981,SELL,12171,FILLED,200,200
touch,13:30:00.000,601600,BUY,913,FILLED,100,100
touch,13:30:00.000,601600,SELL,912,FILLED,100,100
touch,14:00:00.000,600036,BUY,4062,FILLED,100,100
touch,14:00:00.000,600036,SELL,4061,FILLED,100,100
touch,14:00:00.000,688981,BUY,12172,FILLED,200,200
touch,14:00:00.000,688981,SELL,12170,CANCELLED,75,200
touch,14:00:00.000,601600,BUY,913,FILLED,100,100
touch,14:00:00.000,601600,SELL,912,FILLED,100,100
touch,14:30:00.000,600036,BUY,4057,FILLED,100,100
touch,14:30:00.000,600036,SELL,4056,FILLED,100,100
touch,14:30:00.000,688981,BUY,12175,CANCELLED,0,200
touch,14:30:00.000,688981,SELL,12172,FILLED,200,200
touch,14:30:00.000,601600,BUY,914,FILLED,100,100
touch,14:30:00.000,601600,SELL,913,FILLED,100,100
touch,14:56:00.000,600036,BUY,4063,CANCELLED,0,100
touch,14:56:00.000,600036,SELL,4062,FILLED,100,100
touch,14:56:00.000,688981,BUY,12130,CANCELLED,0,200
touch,14:56:00.000,688981,SELL,12124,FILLED,200,200
touch,14:56:00.000,601600,BUY,913,FILLED,100,100
touch,14:56:00.000,601600,SELL,912,FILLED,100,100
aggressive,09:30:00.000,600036,BUY,4090,FILLED,100,100
aggressive,09:30:00.000,600036,SELL,4082,FILLED,100,100
aggressive,09:30:00.000,688981,BUY,12204,FILLED,200,200
aggressive,09:30:00.000,688981,SELL,12199,FILLED,200,200
aggressive,09:30:00.000,601600,BUY,930,FILLED,100,100
aggressive,09:30:00.000,601600,SELL,925,FILLED,100,100
aggressive,10:00:00.000,600036,BUY,4083,FILLED,100,100
aggressive,10:00:00.000,600036,SELL,4078,FILLED,100,100
aggressive,10:00:00.000,688981,BUY,12165,FILLED,200,200
aggressive,10:00:00.000,688981,SELL,12159,CANCELLED,0,200
aggressive,10:00:00.000,601600,BUY,920,FILLED,100,100
aggressive,10:00:00.000,601600,SELL,915,FILLED,100,100
aggressive,10:30:00.000,600036,BUY,4084,FILLED,100,100
aggressive,10:30:00.000,600036,SELL,4079,FILLED,100,100
aggressive,10:30:00.000,688981,BUY,12152,FILLED,200,200
aggressive,10:30:00.000,688981,SELL,12146,FILLED,200,200
aggressive,10:30:00.000,601600,BUY,920,FILLED,100,100
aggressive,10:30:00.000,601600,SELL,915,FILLED,100,100
aggressive,11:00:00.000,600036,BUY,4076,FILLED,100,100
aggressive,11:00:00.000,600036,SELL,4071,FILLED,100,100
aggressive,11:00:00.000,688981,BUY,12188,FILLED,200,200
aggressive,11:00:00.000,688981,SELL,12178,FILLED,200,200
aggressive,11:00:00.000,601600,BUY,916,FILLED,100,100
aggressive,11:00:00.000,601600,SELL,911,FILLED,100,100
aggressive,13:00:00.000,600036,BUY,4076,FILLED,100,100
aggressive,13:00:00.000,600036,SELL,4070,FILLED,100,100
aggressive,13:00:00.000,688981,BUY,12132,FILLED,200,200
aggressive,13:00:00.000,688981,SELL,12126,FILLED,200,200
aggressive,13:00:00.000,601600,BUY,915,FILLED,100,100
aggressive,13:00:00.000,601600,SELL,910,FILLED,100,100
aggressive,13:30:00.000,600036,BUY,4061,FILLED,100,100
aggressive,13:30:00.000,600036,SELL,4056,FILLED,100,100
aggressive,13:30:00.000,688981,BUY,12180,FILLED,200,200
aggressive,13:30:00.000,688981,SELL,12169,FILLED,200,200
aggressive,13:30:00.000,601600,BUY,915,FILLED,100,100
aggressive,13:30:00.000,601600,SELL,910,FILLED,100,100
aggressive,14:00:00.000,600036,BUY,4064,FILLED,100,100
aggressive,14:00:00.000,600036,SELL,4059,FILLED,100,100
aggressive,14:00:00.000,688981,BUY,12174,FILLED,200,200
aggressive,14:00:00.000,688981,SELL,12168,FILLED,200,200
aggressive,14:00:00.000,601600,BUY,915,FILLED,100,100
aggressive,14:00:00.000,601600,SELL,910,FILLED,100,100
aggressive,14:30:00.000,600036,BUY,4059,FILLED,100,100
aggressive,14:30:00.000,600036,SELL,4054,FILLED,100,100
aggressive,14:30:00.000,688981,BUY,12177,FILLED,200,200
aggressive,14:30:00.000,688981,SELL,12170,FILLED,200,200
aggressive,14:30:00.000,601600,BUY,916,FILLED,100,100
aggressive,14:30:00.000,601600,SELL,911,FILLED,100,100
aggressive,14:56:00.000,600036,BUY,4065,FILLED,100,100
aggressive,14:56:00.000,600036,SELL,4060,FILLED,100,100
aggressive,14:56:00.000,688981,BUY,12132,FILLED,200,200
aggressive,14:56:00.000,688981,SELL,12122,FILLED,200,200
aggressive,14:56:00.000,601600,BUY,915,FILLED,100,100
aggressive,14:56:00.000,601600,SELL,910,FILLED,100,100
passive,09:30:00.000,600036,BUY,4084,CANCELLED,0,100
passive,09:30:00.000,600036,SELL,4088,FILLED,100,100
passive,09:30:00.000,688981,BUY,12201,FILLED,200,200
passive,09:30:00.000,688981,SELL,12202,FILLED,200,200
passive,09:30:00.000,601600,BUY,927,FILLED,100,100
passive,09:30:00.000,601600,SELL,928,FILLED,100,100
passive,10:00:00.000,600036,BUY,4080,FILLED,100,100
passive,10:00:00.000,600036,SELL,4081,FILLED,100,100
passive,10:00:00.000,688981,BUY,12161,FILLED,200,200
passive,10:00:00.000,688981,SELL,12163,CANCELLED,0,200
passive,10:00:00.000,601600,BUY,917,CANCELLED,0,100
passive,10:00:00.000,601600,SELL,918,CANCELLED,0,100
passive,10:30:00.000,600036,BUY,4081,FILLED,100,100
passive,10:30:00.000,600036,SELL,4082,CANCELLED,0,100
passive,10:30:00.000,688981,BUY,12148,FILLED,200,200
passive,10:30:00.000,688981,SELL,12150,CANCELLED,196,200
passive,10:30:00.000,601600,BUY,917,CANCELLED,0,100
passive,10:30:00.000,601600,SELL,918,CANCELLED,0,100
passive,11:00:00.000,600036,BUY,4073,FILLED,100,100
passive,11:00:00.000,600036,SELL,4074,CANCELLED,0,100
passive,11:00:00.000,688981,BUY,12180,FILLED,200,200
passive,11:00:00.000,688981,SELL,12186,CANCELLED,0,200
passive,11:00:00.000,601600,BUY,913,CANCELLED,0,100
passive,11:00:00.000,601600,SELL,914,CANCELLED,0,100
passive,13:00:00.000,600036,BUY,4072,FILLED,100,100
passive,13:00:00.000,600036,SELL,4074,FILLED,100,100
passive,13:00:00.000,688981,BUY,12128,FILLED,200,200
passive,13:00:00.000,688981,SELL,12130,FILLED,200,200
passive,13:00:00.000,601600,BUY,912,CANCELLED,0,100
passive,13:00:00.000,601600,SELL,913,FILLED,100,100
passive,13:30:00.000,600036,BUY,4058,CANCELLED,0,100
passive,13:30:00.000,600036,SELL,4059,FILLED,100,100
passive,13:30:00.000,688981,BUY,12171,CANCELLED,0,200
passive,13:30:00.000,688981,SELL,12178,CANCELLED,0,200
passive,13:30:00.000,601600,BUY,912,CANCELLED,0,100
passive,13:30:00.000,601600,SELL,913,CANCELLED,0,100
passive,14:00:00.000,600036,BUY,4061,FILLED,100,100
passive,14:00:00.000,600036,SELL,4062,CANCELLED,0,100
passive,14:00:00.000,688981,BUY,12170,FILLED,200,200
passive,14:00:00.000,688981,SELL,12172,CANCELLED,0,200
passive,14:00:00.000,601600,BUY,912,CANCELLED,0,100
passive,14:00:00.000,601600,SELL,913,CANCELLED,0,100
passive,14:30:00.000,600036,BUY,4056,CANCELLED,0,100
passive,14:30:00.000,600036,SELL,4057,FILLED,100,100
passive,14:30:00.000,688981,BUY,12172,CANCELLED,0,200
passive,14:30:00.000,688981,SELL,12175,CANCELLED,0,200
passive,14:30:00.000,601600,BUY,913,FILLED,100,100
passive,14:30:00.000,601600,SELL,914,CANCELLED,0,100
passive,14:56:00.000,600036,BUY,4062,CANCELLED,0,100
passive,14:56:00.000,600036,SELL,4063,FILLED,100,100
passive,14:56:00.000,688981,BUY,12124,CANCELLED,0,200
passive,14:56:00.000,688981,SELL,12130,FILLED,200,200
passive,14:56:00.000,601600,BUY,912,CANCELLED,0,100
passive,14:56:00.000,601600,SELL,913,CANCELLED,0,100
